{
    "env_name": "MsPacman-ram-v0",
    "policy_name": "DqnPolicy",
    "policy_params": {
        "batch_size": 32,
        "double_q": true,
        "dueling": true,
        "epsilon": 1.0,
        "epsilon_final": 0.02,
        "layer_sizes": [
            128,
            128
        ],
        "lr": 0.001,
        "model_type": "lstm",
        "model_params": {
            "lstm_layers": 1,
            "lstm_size": 256
        },
        "step_size": 16,
        "target_update_type": "hard"
    },
    "train_params": {
        "annealing_episodes": 450,
        "every_episode": 10,
        "n_episodes": 500
    }
}