{
    "env_name": "Pong-v0",
    "policy_name": "DqnPolicy",
    "policy_params": {
        "batch_size": 32,
        "double_q": true,
        "dueling": true,
        "epsilon": 1.0,
        "epsilon_final": 0.02,
        "layer_sizes": [
            32,
            32
        ],
        "lr": 0.001,
        "model_type": "conv",
        "step_size": 1,
        "target_update_type": "hard"
    },
    "train_params": {
        "annealing_episodes": 450,
        "every_episode": 10,
        "n_episodes": 500
    }
}