{
    "env_name": "CartPole-v0",
    "wrappers": [
       [
           "DiscretizedObservationWrapper",
           {
                "n_bins": 8,
                "low": [-2.4, -2.0, -0.42, -3.5],
                "high": [2.4, 2.0, 0.42, 3.5]
           }]
    ],
    "policy_name": "QlearningPolicy",
    "policy_params": {
        "gamma": 0.99,
        "alpha": 0.5,
        "alpha_decay": 0.998,
        "epsilon": 1.0,
        "epsilon_final": 0.05
    },
    "train_params": {
        "n_episodes": 1000,
        "annealing_episodes": 800,
        "every_episode": 10
    }
}